<?xml version="1.0" encoding="UTF-8" ?>
<players>
    <player>
        <name>jonh walker</name>
        <age>21</age>
        <position>SFPF</position>
    </player>
    <player>
        <name>jonh walker</name>
        <age>21</age>
        <position>SFPF</position>
    </player>
    <player>
        <name>jonh walker</name>
        <age>21</age>
        <position>SFPF</position>
    </player>
    <player>
        <name>jonh walker</name>
        <age>21</age>
        <position>SFPF</position>
    </player>
    <player>
        <name>jonh walker</name>
        <age>21</age>
        <position>SFPF</position>
    </player>
</players>